Stage,Check,Owner,Status,Completed date,Notes
Profile,Confirm contact details and preferred communication channel,,Not started,,
Qualifications,Review job-relevant experience and required credentials,,Not started,,
Qualifications,Record credential renewal dates where applicable,,Not started,,
Site readiness,Confirm required tools and equipment,,Not started,,
Site readiness,Review site access and arrival instructions,,Not started,,
Scope,Agree on work scope and completion evidence,,Not started,,
Communication,Confirm escalation contact and update expectations,,Not started,,
Privacy,Share only necessary site and personal information,,Not started,,
Closeout,Explain proof review and agreed payment terms,,Not started,,
